{
    "name": "item",
    "roles": [
        "items"
    ],
    "lookups": [
        "keywords"
    ],
    "keywords": [
        {
            "keyword": "Egg",
            "synonyms": [
                "egg"
            ]
        },
        {
            "keyword": "apple",
            "synonyms": [
                "apple"
            ]
        },
        {
            "keyword": "bagel",
            "synonyms": [
                "bagel"
            ]
        },
        {
            "keyword": "coconut",
            "synonyms": [
                "coconut"
            ]
        },
        {
            "keyword": "donut",
            "synonyms": [
                "donut"
            ]
        },
        {
            "keyword": "items",
            "synonyms": [
                "items"
            ]
        },
        {
            "keyword": "view",
            "synonyms": [
                "view"
            ]
        }
    ]
}
