{
    "utterances": [
        {
            "text": "123",
            "entities": [],
            "traits": [],
            "intent": "get_help"
        },
        {
            "text": "CS571 is fun",
            "entities": [],
            "traits": []
        },
        {
            "text": "Finish my order",
            "entities": [],
            "traits": [],
            "intent": "checkout"
        },
        {
            "text": "How much is apple",
            "entities": [
                {
                    "entity": "item:items",
                    "start": 12,
                    "end": 17,
                    "body": "apple",
                    "entities": []
                }
            ],
            "traits": [],
            "intent": "get_price"
        },
        {
            "text": "I am done",
            "entities": [],
            "traits": [],
            "intent": "checkout"
        },
        {
            "text": "I want to checkout",
            "entities": [],
            "traits": [],
            "intent": "checkout"
        },
        {
            "text": "I want to view my cart",
            "entities": [
                {
                    "entity": "item:items",
                    "start": 10,
                    "end": 14,
                    "body": "view",
                    "entities": []
                }
            ],
            "traits": [],
            "intent": "view_cart"
        },
        {
            "text": "I'm finished shopping",
            "entities": [],
            "traits": [],
            "intent": "checkout"
        },
        {
            "text": "What do you have",
            "entities": [],
            "traits": [],
            "intent": "items"
        },
        {
            "text": "add 2 apple to my basket",
            "entities": [
                {
                    "entity": "wit$number:number",
                    "start": 4,
                    "end": 5,
                    "body": "2",
                    "entities": []
                },
                {
                    "entity": "item:items",
                    "start": 6,
                    "end": 11,
                    "body": "apple",
                    "entities": []
                }
            ],
            "traits": [],
            "intent": "add_item"
        },
        {
            "text": "add 3 apple to my basket",
            "entities": [
                {
                    "entity": "item:items",
                    "start": 6,
                    "end": 11,
                    "body": "apple",
                    "entities": []
                },
                {
                    "entity": "wit$number:number",
                    "start": 4,
                    "end": 5,
                    "body": "3",
                    "entities": []
                }
            ],
            "traits": [],
            "intent": "add_item"
        },
        {
            "text": "add 3 apples",
            "entities": [
                {
                    "entity": "item:items",
                    "start": 6,
                    "end": 11,
                    "body": "apple",
                    "entities": []
                },
                {
                    "entity": "wit$number:number",
                    "start": 4,
                    "end": 5,
                    "body": "3",
                    "entities": []
                }
            ],
            "traits": [],
            "intent": "add_item"
        },
        {
            "text": "add 3 apples to my cart",
            "entities": [
                {
                    "entity": "wit$number:number",
                    "start": 4,
                    "end": 5,
                    "body": "3",
                    "entities": []
                },
                {
                    "entity": "item:items",
                    "start": 6,
                    "end": 11,
                    "body": "apple",
                    "entities": []
                }
            ],
            "traits": [],
            "intent": "add_item"
        },
        {
            "text": "add 3 bagel to my basket",
            "entities": [
                {
                    "entity": "wit$number:number",
                    "start": 4,
                    "end": 5,
                    "body": "3",
                    "entities": []
                },
                {
                    "entity": "item:items",
                    "start": 6,
                    "end": 11,
                    "body": "bagel",
                    "entities": []
                }
            ],
            "traits": [],
            "intent": "add_item"
        },
        {
            "text": "add 3 banana to my cart",
            "entities": [
                {
                    "entity": "wit$number:number",
                    "start": 4,
                    "end": 5,
                    "body": "3",
                    "entities": []
                }
            ],
            "traits": [],
            "intent": "add_item"
        },
        {
            "text": "add 3 coconuts into the cart",
            "entities": [
                {
                    "entity": "item:items",
                    "start": 6,
                    "end": 13,
                    "body": "coconut",
                    "entities": []
                },
                {
                    "entity": "wit$number:number",
                    "start": 4,
                    "end": 5,
                    "body": "3",
                    "entities": []
                }
            ],
            "traits": [],
            "intent": "add_item"
        },
        {
            "text": "add 3 egg to my basket",
            "entities": [
                {
                    "entity": "wit$number:number",
                    "start": 4,
                    "end": 5,
                    "body": "3",
                    "entities": []
                },
                {
                    "entity": "item:items",
                    "start": 6,
                    "end": 9,
                    "body": "egg",
                    "entities": []
                }
            ],
            "traits": [],
            "intent": "add_item"
        },
        {
            "text": "add 7 eggs",
            "entities": [
                {
                    "entity": "item:items",
                    "start": 6,
                    "end": 9,
                    "body": "egg",
                    "entities": []
                },
                {
                    "entity": "wit$number:number",
                    "start": 4,
                    "end": 5,
                    "body": "7",
                    "entities": []
                }
            ],
            "traits": [],
            "intent": "add_item"
        },
        {
            "text": "add a banana into the cart",
            "entities": [],
            "traits": [],
            "intent": "add_item"
        },
        {
            "text": "add an apple into the cart",
            "entities": [
                {
                    "entity": "item:items",
                    "start": 7,
                    "end": 12,
                    "body": "apple",
                    "entities": []
                }
            ],
            "traits": [],
            "intent": "add_item"
        },
        {
            "text": "add an apple to my basket",
            "entities": [
                {
                    "entity": "item:items",
                    "start": 7,
                    "end": 12,
                    "body": "apple",
                    "entities": []
                }
            ],
            "traits": [],
            "intent": "add_item"
        },
        {
            "text": "add an bagel to my basket",
            "entities": [
                {
                    "entity": "item:items",
                    "start": 7,
                    "end": 12,
                    "body": "bagel",
                    "entities": []
                }
            ],
            "traits": [],
            "intent": "add_item"
        },
        {
            "text": "add an coconut to my basket",
            "entities": [
                {
                    "entity": "item:items",
                    "start": 7,
                    "end": 14,
                    "body": "coconut",
                    "entities": []
                },
                {
                    "entity": "wit$number:number",
                    "start": 4,
                    "end": 6,
                    "body": "an",
                    "entities": []
                }
            ],
            "traits": [],
            "intent": "add_item"
        },
        {
            "text": "apple",
            "entities": [
                {
                    "entity": "item:items",
                    "start": 0,
                    "end": 5,
                    "body": "apple",
                    "entities": []
                }
            ],
            "traits": [],
            "intent": "get_price"
        },
        {
            "text": "asdisaohdas",
            "entities": [],
            "traits": [],
            "intent": "get_help"
        },
        {
            "text": "checkout",
            "entities": [],
            "traits": [],
            "intent": "checkout"
        },
        {
            "text": "cs571 is fun",
            "entities": [],
            "traits": []
        },
        {
            "text": "delete 3 bagels from my cart",
            "entities": [
                {
                    "entity": "wit$number:number",
                    "start": 7,
                    "end": 8,
                    "body": "3",
                    "entities": []
                },
                {
                    "entity": "item:items",
                    "start": 9,
                    "end": 14,
                    "body": "bagel",
                    "entities": []
                }
            ],
            "traits": [],
            "intent": "remove_item"
        },
        {
            "text": "delete 4 donuts from my cart",
            "entities": [
                {
                    "entity": "wit$number:number",
                    "start": 7,
                    "end": 8,
                    "body": "4",
                    "entities": []
                },
                {
                    "entity": "item:items",
                    "start": 9,
                    "end": 14,
                    "body": "donut",
                    "entities": []
                }
            ],
            "traits": [],
            "intent": "remove_item"
        },
        {
            "text": "egg",
            "entities": [
                {
                    "entity": "item:items",
                    "start": 0,
                    "end": 3,
                    "body": "egg",
                    "entities": []
                }
            ],
            "traits": [],
            "intent": "get_price"
        },
        {
            "text": "get help",
            "entities": [],
            "traits": [],
            "intent": "get_help"
        },
        {
            "text": "hello",
            "entities": [],
            "traits": [],
            "intent": "get_help"
        },
        {
            "text": "help",
            "entities": [],
            "traits": [],
            "intent": "get_help"
        },
        {
            "text": "how much is a Egg",
            "entities": [
                {
                    "entity": "item:items",
                    "start": 14,
                    "end": 17,
                    "body": "Egg",
                    "entities": []
                }
            ],
            "traits": [],
            "intent": "get_price"
        },
        {
            "text": "how much is a apple",
            "entities": [
                {
                    "entity": "item:items",
                    "start": 14,
                    "end": 19,
                    "body": "apple",
                    "entities": []
                }
            ],
            "traits": [],
            "intent": "get_price"
        },
        {
            "text": "how much is a bagel",
            "entities": [
                {
                    "entity": "item:items",
                    "start": 14,
                    "end": 19,
                    "body": "bagel",
                    "entities": []
                }
            ],
            "traits": [],
            "intent": "get_price"
        },
        {
            "text": "how much is a banana",
            "entities": [],
            "traits": [],
            "intent": "get_price"
        },
        {
            "text": "how much is a coconut",
            "entities": [
                {
                    "entity": "item:items",
                    "start": 14,
                    "end": 21,
                    "body": "coconut",
                    "entities": []
                }
            ],
            "traits": [],
            "intent": "get_price"
        },
        {
            "text": "how much is a egg",
            "entities": [
                {
                    "entity": "item:items",
                    "start": 14,
                    "end": 17,
                    "body": "egg",
                    "entities": []
                }
            ],
            "traits": [],
            "intent": "get_price"
        },
        {
            "text": "how much is the bagel",
            "entities": [
                {
                    "entity": "item:items",
                    "start": 16,
                    "end": 21,
                    "body": "bagel",
                    "entities": []
                }
            ],
            "traits": [],
            "intent": "get_price"
        },
        {
            "text": "how much is the banana",
            "entities": [],
            "traits": [],
            "intent": "get_price"
        },
        {
            "text": "how much is the egg",
            "entities": [
                {
                    "entity": "item:items",
                    "start": 16,
                    "end": 19,
                    "body": "egg",
                    "entities": []
                }
            ],
            "traits": [],
            "intent": "get_price"
        },
        {
            "text": "need help",
            "entities": [],
            "traits": [],
            "intent": "get_help"
        },
        {
            "text": "put 1 apple in my cart",
            "entities": [
                {
                    "entity": "item:items",
                    "start": 6,
                    "end": 11,
                    "body": "apple",
                    "entities": []
                },
                {
                    "entity": "wit$number:number",
                    "start": 4,
                    "end": 5,
                    "body": "1",
                    "entities": []
                }
            ],
            "traits": [],
            "intent": "add_item"
        },
        {
            "text": "put 1 banana in my cart",
            "entities": [
                {
                    "entity": "wit$number:number",
                    "start": 4,
                    "end": 5,
                    "body": "1",
                    "entities": []
                }
            ],
            "traits": [],
            "intent": "add_item"
        },
        {
            "text": "put 11 apple in my cart",
            "entities": [
                {
                    "entity": "item:items",
                    "start": 7,
                    "end": 12,
                    "body": "apple",
                    "entities": []
                },
                {
                    "entity": "wit$number:number",
                    "start": 4,
                    "end": 6,
                    "body": "11",
                    "entities": []
                }
            ],
            "traits": [],
            "intent": "add_item"
        },
        {
            "text": "put 2 apple in my cart",
            "entities": [
                {
                    "entity": "item:items",
                    "start": 6,
                    "end": 11,
                    "body": "apple",
                    "entities": []
                },
                {
                    "entity": "wit$number:number",
                    "start": 4,
                    "end": 5,
                    "body": "2",
                    "entities": []
                }
            ],
            "traits": [],
            "intent": "add_item"
        },
        {
            "text": "put 2 donuts in my cart",
            "entities": [
                {
                    "entity": "item:items",
                    "start": 6,
                    "end": 11,
                    "body": "donut",
                    "entities": []
                },
                {
                    "entity": "wit$number:number",
                    "start": 4,
                    "end": 5,
                    "body": "2",
                    "entities": []
                }
            ],
            "traits": [],
            "intent": "add_item"
        },
        {
            "text": "put 4 donuts in my cart",
            "entities": [
                {
                    "entity": "item:items",
                    "start": 6,
                    "end": 11,
                    "body": "donut",
                    "entities": []
                }
            ],
            "traits": [],
            "intent": "add_item"
        },
        {
            "text": "put 7 donuts in my cart",
            "entities": [
                {
                    "entity": "item:items",
                    "start": 6,
                    "end": 11,
                    "body": "donut",
                    "entities": []
                },
                {
                    "entity": "wit$number:number",
                    "start": 4,
                    "end": 5,
                    "body": "7",
                    "entities": []
                }
            ],
            "traits": [],
            "intent": "add_item"
        },
        {
            "text": "put a apple in my cart",
            "entities": [
                {
                    "entity": "item:items",
                    "start": 6,
                    "end": 11,
                    "body": "apple",
                    "entities": []
                }
            ],
            "traits": [],
            "intent": "add_item"
        },
        {
            "text": "put an apple in my cart",
            "entities": [
                {
                    "entity": "item:items",
                    "start": 7,
                    "end": 12,
                    "body": "apple",
                    "entities": []
                }
            ],
            "traits": [],
            "intent": "add_item"
        },
        {
            "text": "put an banana in my cart",
            "entities": [],
            "traits": [],
            "intent": "add_item"
        },
        {
            "text": "remove 12 apple from my basket",
            "entities": [
                {
                    "entity": "item:items",
                    "start": 10,
                    "end": 15,
                    "body": "apple",
                    "entities": []
                },
                {
                    "entity": "wit$number:number",
                    "start": 7,
                    "end": 9,
                    "body": "12",
                    "entities": []
                }
            ],
            "traits": [],
            "intent": "remove_item"
        },
        {
            "text": "remove 12 banana from my basket",
            "entities": [
                {
                    "entity": "wit$number:number",
                    "start": 7,
                    "end": 9,
                    "body": "12",
                    "entities": []
                }
            ],
            "traits": [],
            "intent": "remove_item"
        },
        {
            "text": "remove 2 coconuts",
            "entities": [
                {
                    "entity": "item:items",
                    "start": 9,
                    "end": 16,
                    "body": "coconut",
                    "entities": []
                },
                {
                    "entity": "wit$number:number",
                    "start": 7,
                    "end": 8,
                    "body": "2",
                    "entities": []
                }
            ],
            "traits": [],
            "intent": "remove_item"
        },
        {
            "text": "remove 2 coconuts from the cart",
            "entities": [
                {
                    "entity": "wit$number:number",
                    "start": 7,
                    "end": 8,
                    "body": "2",
                    "entities": []
                },
                {
                    "entity": "item:items",
                    "start": 9,
                    "end": 16,
                    "body": "coconut",
                    "entities": []
                }
            ],
            "traits": [],
            "intent": "remove_item"
        },
        {
            "text": "remove 3 coconuts",
            "entities": [
                {
                    "entity": "wit$number:number",
                    "start": 7,
                    "end": 8,
                    "body": "3",
                    "entities": []
                },
                {
                    "entity": "item:items",
                    "start": 9,
                    "end": 16,
                    "body": "coconut",
                    "entities": []
                }
            ],
            "traits": [],
            "intent": "remove_item"
        },
        {
            "text": "remove 5 apple from the cart",
            "entities": [
                {
                    "entity": "wit$number:number",
                    "start": 7,
                    "end": 8,
                    "body": "5",
                    "entities": []
                },
                {
                    "entity": "item:items",
                    "start": 9,
                    "end": 14,
                    "body": "apple",
                    "entities": []
                }
            ],
            "traits": [],
            "intent": "remove_item"
        },
        {
            "text": "remove 7 coconut",
            "entities": [
                {
                    "entity": "item:items",
                    "start": 9,
                    "end": 16,
                    "body": "coconut",
                    "entities": []
                },
                {
                    "entity": "wit$number:number",
                    "start": 7,
                    "end": 8,
                    "body": "7",
                    "entities": []
                }
            ],
            "traits": [],
            "intent": "remove_item"
        },
        {
            "text": "remove 7 eggs",
            "entities": [
                {
                    "entity": "wit$number:number",
                    "start": 7,
                    "end": 8,
                    "body": "7",
                    "entities": []
                },
                {
                    "entity": "item:items",
                    "start": 9,
                    "end": 12,
                    "body": "egg",
                    "entities": []
                }
            ],
            "traits": [],
            "intent": "remove_item"
        },
        {
            "text": "remove an apple from my basket",
            "entities": [
                {
                    "entity": "wit$number:number",
                    "start": 7,
                    "end": 10,
                    "body": "an ",
                    "entities": []
                },
                {
                    "entity": "item:items",
                    "start": 10,
                    "end": 15,
                    "body": "apple",
                    "entities": []
                }
            ],
            "traits": [],
            "intent": "remove_item"
        },
        {
            "text": "view cart",
            "entities": [
                {
                    "entity": "item:items",
                    "start": 0,
                    "end": 4,
                    "body": "view",
                    "entities": []
                }
            ],
            "traits": [],
            "intent": "view_cart"
        },
        {
            "text": "view my cart",
            "entities": [
                {
                    "entity": "wit$number:number",
                    "start": 0,
                    "end": 5,
                    "body": "view ",
                    "entities": [
                        {
                            "entity": "item:items",
                            "start": 0,
                            "end": 5,
                            "body": "view ",
                            "entities": []
                        }
                    ]
                }
            ],
            "traits": [],
            "intent": "view_cart"
        },
        {
            "text": "waht do you have",
            "entities": [],
            "traits": [],
            "intent": "items"
        },
        {
            "text": "what can I buy",
            "entities": [],
            "traits": [],
            "intent": "items"
        },
        {
            "text": "what can I do",
            "entities": [],
            "traits": [],
            "intent": "get_help"
        },
        {
            "text": "what do I have",
            "entities": [],
            "traits": [],
            "intent": "view_cart"
        },
        {
            "text": "what do I have in cart",
            "entities": [],
            "traits": [],
            "intent": "view_cart"
        },
        {
            "text": "what do you have",
            "entities": [],
            "traits": [],
            "intent": "items"
        },
        {
            "text": "what does an apple cost",
            "entities": [],
            "traits": [],
            "intent": "get_price"
        },
        {
            "text": "what does an bagel cost",
            "entities": [
                {
                    "entity": "item:items",
                    "start": 13,
                    "end": 19,
                    "body": "bagel ",
                    "entities": []
                }
            ],
            "traits": [],
            "intent": "get_price"
        },
        {
            "text": "what does an coconut cost",
            "entities": [
                {
                    "entity": "item:items",
                    "start": 13,
                    "end": 20,
                    "body": "coconut",
                    "entities": []
                }
            ],
            "traits": [],
            "intent": "get_price"
        },
        {
            "text": "what does an donut cost",
            "entities": [],
            "traits": [],
            "intent": "items"
        },
        {
            "text": "what does the apple cost",
            "entities": [
                {
                    "entity": "item:items",
                    "start": 14,
                    "end": 19,
                    "body": "apple",
                    "entities": []
                }
            ],
            "traits": [],
            "intent": "get_price"
        },
        {
            "text": "what is available",
            "entities": [],
            "traits": [],
            "intent": "items"
        },
        {
            "text": "what is the price of apple",
            "entities": [
                {
                    "entity": "item:items",
                    "start": 21,
                    "end": 26,
                    "body": "apple",
                    "entities": []
                }
            ],
            "traits": [],
            "intent": "get_price"
        },
        {
            "text": "what is the price of egg",
            "entities": [
                {
                    "entity": "item:items",
                    "start": 21,
                    "end": 24,
                    "body": "egg",
                    "entities": []
                }
            ],
            "traits": [],
            "intent": "get_price"
        },
        {
            "text": "what items can I get",
            "entities": [],
            "traits": [],
            "intent": "items"
        },
        {
            "text": "what items do you have",
            "entities": [
                {
                    "entity": "item:items",
                    "start": 5,
                    "end": 11,
                    "body": "items ",
                    "entities": []
                }
            ],
            "traits": [],
            "intent": "items"
        },
        {
            "text": "what's in my basket",
            "entities": [],
            "traits": [],
            "intent": "view_cart"
        },
        {
            "text": "what's the price of a apple",
            "entities": [
                {
                    "entity": "item:items",
                    "start": 22,
                    "end": 27,
                    "body": "apple",
                    "entities": []
                }
            ],
            "traits": [],
            "intent": "get_price"
        },
        {
            "text": "what's the price of a coconut",
            "entities": [
                {
                    "entity": "item:items",
                    "start": 22,
                    "end": 29,
                    "body": "coconut",
                    "entities": []
                }
            ],
            "traits": [],
            "intent": "get_price"
        },
        {
            "text": "what's the price of a egg",
            "entities": [
                {
                    "entity": "item:items",
                    "start": 22,
                    "end": 25,
                    "body": "egg",
                    "entities": []
                }
            ],
            "traits": [],
            "intent": "get_price"
        },
        {
            "text": "what's the price of apple",
            "entities": [
                {
                    "entity": "item:items",
                    "start": 20,
                    "end": 25,
                    "body": "apple",
                    "entities": []
                }
            ],
            "traits": [],
            "intent": "get_price"
        }
    ]
}
